{"cameraMode":{"drawMode":0,"name":"Shaded","section":"Shading Mode"},"sceneLighting":false,"audioPlay":false,"sceneViewState":{"m_AlwaysRefresh":false,"showFog":true,"showSkybox":true,"showFlares":true,"showImageEffects":true,"showParticleSystems":true,"showVisualEffectGraphs":true,"m_FxEnabled":true},"in2DMode":false,"pivot":{"x":0.1574854552745819,"y":1.7867491245269776,"z":0.7445995807647705},"rotation":{"x":0.10414566844701767,"y":-0.8189120888710022,"z":0.15744847059249879,"w":0.5420487523078919},"size":0.5376244187355042,"orthographic":false}